<data><record><name>Єлисавета Опанасенко</name><address>сквер Нова, буд. 57 кв. 802, Авдіївка, 99398</address><phones><phone>347 41 80</phone></phones><emails><email>feofanprokopovych@yukhymenko-kopytko.com</email></emails></record><record><name>Марта Ніколюк</name><address>набережна Семінарська, буд. 588 кв. 65, Василівка , 83433</address><phones><phone>+38 071 902-60-26</phone></phones><emails><email>mykhailobabii@kharchenko.ukr</email></emails></record><record><name>Антон Кальченко</name><address>шосе Український 3-й, буд. 18 кв. 3, Пустомити, 23230</address><phones><phone>006 399 64 46</phone></phones><emails><email>yfartushniak@i.ua</email></emails></record><record><name>Хома Корж</name><address>узвіз Акордна, буд. 34 кв. 14, Єнакієве, 36415</address><phones><phone>050 306 96 42</phone></phones><emails><email>trokhym39@havrylenko-hupalo.ua</email></emails></record><record><name>Віолетта Карась</name><address>площа Героїв Крут, буд. 8, Новодністровськ, 85538</address><phones><phone>+38 069 496 66 46</phone></phones><emails><email>azar23@duplii-atroshchenko.ukr</email></emails></record><record><name>Одарка Носенко</name><address>сквер Лугова, буд. 97, Біляївка, 25151</address><phones><phone>+38 028 975 94 36</phone></phones><emails><email>ieroshenkokhoma@email.ua</email></emails></record><record><name>Нестор Гавриленко</name><address>сквер Костанді 2-й, буд. 03 кв. 0, Острог, 05637</address><phones><phone>912 06 69</phone></phones><emails><email>serhii74@talan.info</email></emails></record><record><name>Анжела Девдюк</name><address>вулиця Грецький, буд. 41 кв. 990, Коломия, 93928</address><phones><phone>039 12 75</phone></phones><emails><email>leonid90@ukr.net</email></emails></record><record><name>Яків Стус</name><address>провулок Бабеля, буд. 4, Долинська, 48604</address><phones><phone>063 479-87-66</phone></phones><emails><email>demyd36@masokha.ukr</email></emails></record><record><name>Левко Оробець</name><address>проспект Горбатий міст, буд. 532, Новий Буг, 93412</address><phones><phone>+38 032 231-05-94</phone></phones><emails><email>demiandrobakha@gov.ua</email></emails></record><record><name>Пилип Давиденко</name><address>шосе Рельєфна, буд. 48, Ходорів, 82473</address><phones><phone>+38 098 829 14 42</phone></phones><emails><email>ibatiuk@bashpolchenko.net</email></emails></record><record><name>Вʼячеслав Дейнека</name><address>вулиця Онезька, буд. 255, Судак , 46567</address><phones><phone>013 404 44 84</phone></phones><emails><email>wkolesnychenko@gov.ua</email></emails></record><record><name>Теодор Затула</name><address>вулиця Левітана, буд. 2, Вугледар, 54371</address><phones><phone>+38 (052) 738-10-21</phone></phones><emails><email>teodor42@gmail.com</email></emails></record><record><name>Ярема Франчук</name><address>парк Азовський, буд. 536, Хмільник, 82880</address><phones><phone>068 567-80-64</phone></phones><emails><email>violetta44@meta.ua</email></emails></record><record><name>Валерій Ляшко</name><address>проспект Кедровий, буд. 27, Олександрія, 84793</address><phones><phone>142-43-33</phone></phones><emails><email>nmalyk@meta.ua</email></emails></record><record><name>пан Гаврило Артимович</name><address>узвіз Миколи Бажана, буд. 2 кв. 0, Гребінка, 26212</address><phones><phone>+38 (085) 698-86-53</phone></phones><emails><email>aabrahamovskyi@charnysh.com</email></emails></record><record><name>Панас Гайда</name><address>вулиця Шишкіна, буд. 71, Дубровиця, 26941</address><phones><phone>032 398-69-77</phone></phones><emails><email>klyment19@gov.ua</email></emails></record><record><name>Кирило Гречко</name><address>провулок Пушкінська, буд. 857, Токмак, 79921</address><phones><phone>+38 017 400-85-27</phone></phones><emails><email>zaichenkoorysia@tychyna.com</email></emails></record><record><name>Гаврило Килимник</name><address>набережна Морехідний, буд. 1, Теплодар, 85236</address><phones><phone>073 112 85 47</phone></phones><emails><email>dashenkoamvrosii@gov.ua</email></emails></record><record><name>Мирослав Адамчук</name><address>площа Подільська, буд. 2 кв. 49, Горішні Плавні, 12392</address><phones><phone>009 501-18-85</phone></phones><emails><email>mariiababych@i.ua</email></emails></record><record><name>Валентин Гаврилець</name><address>парк Володі Дубініна, буд. 4 кв. 63, Новий Калинів, 68278</address><phones><phone>+38 092 397-68-39</phone></phones><emails><email>nadiia29@ukr.net</email></emails></record><record><name>Яків Носенко</name><address>проспект Рибальський, буд. 58 кв. 723, Олександрія, 53449</address><phones><phone>462-49-67</phone></phones><emails><email>vernydubiaroslava@gov.ua</email></emails></record><record><name>Феофан Бабиченко</name><address>провулок Онезька, буд. 7 кв. 52, Бурштин , 99833</address><phones><phone>030 048-90-54</phone></phones><emails><email>eduard99@kabanenko.info</email></emails></record><record><name>Наталія Запорожець</name><address>проспект Савицький, буд. 2, Христинівка, 45836</address><phones><phone>+38 046 404-85-98</phone></phones><emails><email>ihnatprotsenko@gmail.com</email></emails></record><record><name>пан Макар Єсипенко</name><address>провулок Міцкевича, буд. 6 кв. 601, Старобільськ, 56412</address><phones><phone>+38 005 631 04 12</phone></phones><emails><email>onyshchenkovitalii@deineka.net</email></emails></record><record><name>Розалія Артюшенко</name><address>узвіз Котляревського, буд. 4 кв. 3, Дружба , 53326</address><phones><phone>546 56 11</phone></phones><emails><email>okanivets@meta.ua</email></emails></record><record><name>Ілля Перепелиця</name><address>набережна Мацієвської, буд. 7 кв. 9, Мала Виска, 29077</address><phones><phone>+38 (077) 784-29-35</phone></phones><emails><email>terezahavrylenko@gov.ua</email></emails></record><record><name>пан Пармен Барабаш</name><address>площа 411-ї батареї, буд. 2 кв. 67, Міусинськ, 84256</address><phones><phone>745 80 96</phone></phones><emails><email>trokhymbaranyk@ukr.net</email></emails></record><record><name>Ярослава Палій</name><address>узвіз Вапняний 1-й, буд. 6 кв. 79, Білопілля, 50626</address><phones><phone>+38 003 411 29 77</phone></phones><emails><email>marianasirchenko@turkalo.com</email></emails></record><record><name>Юстина Даниленко</name><address>проспект Композитора Ніщинського, буд. 286 кв. 3, Красноград, 12279</address><phones><phone>+38 (058) 662-82-79</phone></phones><emails><email>qiurchuk@tsushko.info</email></emails></record><record><name>Златослава Єрченко</name><address>набережна Туристський, буд. 42 кв. 7, Золочів, 31870</address><phones><phone>059 937 52 65</phone></phones><emails><email>pshelest@gmail.com</email></emails></record><record><name>Віолетта Вдовиченко</name><address>набережна Гена Іоганна, буд. 2, Вараш, 67785</address><phones><phone>068 383-33-49</phone></phones><emails><email>zabilazakhar@ukr.net</email></emails></record><record><name>Орина Михайличенко</name><address>проспект Чорноморська, буд. 293 кв. 0, Борзна, 69374</address><phones><phone>+38 026 240-62-78</phone></phones><emails><email>boryslav09@meta.ua</email></emails></record><record><name>пані Михайлина Гуцуляк</name><address>набережна Лузанівська, буд. 873, Бобровиця, 54897</address><phones><phone>+38 075 620-79-56</phone></phones><emails><email>adalytvyn@lytvynenko.net</email></emails></record><record><name>Миколай Алексюк</name><address>проспект Чапаєва, буд. 7, Лубни, 51290</address><phones><phone>+38 024 251-67-27</phone></phones><emails><email>bohuslavafranko@baran.net</email></emails></record><record><name>Валентина Євтушок</name><address>набережна Богдана Хмельницького, буд. 0 кв. 7, Енергодар, 58417</address><phones><phone>+38 028 033-07-53</phone></phones><emails><email>oleksandrbatih@email.ua</email></emails></record><record><name>Наталія Дашкевич</name><address>узвіз Садова 3-тя, буд. 5 кв. 082, Василівка , 10199</address><phones><phone>857 36 23</phone></phones><emails><email>symonenkorostyslav@bezborodko.info</email></emails></record><record><name>Спас Негода</name><address>вулиця Палубний, буд. 802, Знам'янка, 93537</address><phones><phone>915-70-76</phone></phones><emails><email>azar88@meta.ua</email></emails></record><record><name>Віра Корсун</name><address>шосе Пугачова, буд. 97, Ямпіль, 24705</address><phones><phone>007 980 97 69</phone></phones><emails><email>azhazhapavlo@ukr.net</email></emails></record><record><name>Олександр Чуприна</name><address>площа Іванова Ігоря, буд. 13, Миронівка, 18790</address><phones><phone>+38 015 527 59 95</phone></phones><emails><email>volodymyrsatsiuk@email.ua</email></emails></record><record><name>Богуслав Щорс</name><address>шосе Локомотивний 4-й, буд. 079 кв. 5, Торецьк, 97254</address><phones><phone>027 821 73 95</phone></phones><emails><email>kbabii@ukr.net</email></emails></record><record><name>Прохір Верхола</name><address>проспект Лузанівка, буд. 196, Жидачів, 44092</address><phones><phone>098 702-54-20</phone></phones><emails><email>alevchenko@meta.ua</email></emails></record><record><name>Юстина Цюцюра</name><address>шосе Пересипський узвіз, буд. 79 кв. 86, Чортків, 90057</address><phones><phone>+38 064 044 34 00</phone></phones><emails><email>dfesenko@olifirenko.org</email></emails></record><record><name>Марина Їжакевич</name><address>провулок Сергія Уточкіна, буд. 118, Київ, 65464</address><phones><phone>+38 048 114-31-34</phone></phones><emails><email>yvlokh@gmail.com</email></emails></record><record><name>Христина Бабак</name><address>шосе Водопровідна, буд. 463, Мерефа, 39674</address><phones><phone>+38 000 320-83-97</phone></phones><emails><email>sdubenko@voblyi.ukr</email></emails></record><record><name>Ростислав Ватаманюк</name><address>сквер Кондрашина, буд. 26, Суми, 31268</address><phones><phone>+38 008 931-51-23</phone></phones><emails><email>hrytsenkodanylo@malyshko.ua</email></emails></record><record><name>пан Степан Василенко</name><address>набережна Леваневського тупик, буд. 11 кв. 60, Авдіївка, 91741</address><phones><phone>+38 (016) 519-22-14</phone></phones><emails><email>atroshchenkosnizhana@shmorhun-babko.ukr</email></emails></record><record><name>Зорян Юхименко</name><address>проспект Архітектурна, буд. 9, Миронівка, 05949</address><phones><phone>+38 003 282-25-60</phone></phones><emails><email>leonidchernenko@verkhovynets.com</email></emails></record><record><name>Франц Зінченко</name><address>вулиця Санаторний, буд. 22 кв. 923, Дебальцеве, 55672</address><phones><phone>+38 002 121-04-77</phone></phones><emails><email>vasylynashvachko@kolesnychenko.org</email></emails></record><record><name>Ліза Микитюк</name><address>шосе Новоукраїнський, буд. 68 кв. 253, Голубівка, 84688</address><phones><phone>048-42-27</phone></phones><emails><email>oliinykzlatoslava@meta.ua</email></emails></record><record><name>Богдан Демʼяненко</name><address>узвіз Гоголя, буд. 71 кв. 904, Бершадь, 94720</address><phones><phone>072 748 66 57</phone></phones><emails><email>svitlanaiatseniuk@meta.ua</email></emails></record><record><name>Пармен Арсенич</name><address>вулиця Мала Садова, буд. 84, Любомль, 32063</address><phones><phone>+38 (099) 338-02-88</phone></phones><emails><email>ivanartymovych@prykhodko.com</email></emails></record><record><name>Леон Івасюк</name><address>шосе Заводська, буд. 2, Умань, 10603</address><phones><phone>001 959 57 12</phone></phones><emails><email>anita29@ukr.net</email></emails></record><record><name>Ольга Бабич</name><address>вулиця Аеропортівський 4-й, буд. 1, Бібрка, 10424</address><phones><phone>936 84 16</phone></phones><emails><email>iiarema@chernenko.org</email></emails></record><record><name>Амвросій Смик</name><address>сквер Новоселів, буд. 33, Лутугине, 25743</address><phones><phone>961-99-66</phone></phones><emails><email>roman42@gov.ua</email></emails></record><record><name>Азар Адаменко</name><address>проспект Державіна, буд. 63 кв. 58, Борщів, 69870</address><phones><phone>697 27 76</phone></phones><emails><email>jfurs@ivashchenko.ua</email></emails></record><record><name>Юхим Рак</name><address>провулок Генуезька, буд. 29, Тячів, 67411</address><phones><phone>912 29 66</phone></phones><emails><email>demian98@sirchenko.info</email></emails></record><record><name>Демид Штокало</name><address>проспект Кругова, буд. 93 кв. 89, Богодухів, 39596</address><phones><phone>+38 053 209-83-80</phone></phones><emails><email>tsiupahennadii@taran.org</email></emails></record><record><name>Франц Худобʼяк</name><address>проспект Садова 2-га, буд. 64, Снятин, 70026</address><phones><phone>940 86 42</phone></phones><emails><email>levko04@romanchuk-medvedenko.ukr</email></emails></record><record><name>Ганна Гузенко</name><address>шосе Василя Кандинського 2-й, буд. 979, Заставна, 56997</address><phones><phone>+38 036 891-14-20</phone></phones><emails><email>oleksazarudnyi@kashchenko-gerega.info</email></emails></record><record><name>Надія Нестеренко</name><address>сквер Артилерійський 2-й, буд. 235, Карлівка, 59151</address><phones><phone>+38 015 898-73-93</phone></phones><emails><email>sdemianiuk@yaremkiv-bazylevskyi.ua</email></emails></record><record><name>Гліб Бевз</name><address>сквер Академіка Панкратової, буд. 171, Радехів, 22434</address><phones><phone>431-25-42</phone></phones><emails><email>hryhorii05@meta.ua</email></emails></record><record><name>Оксана Абраменко</name><address>вулиця Парашутний, буд. 1, Березівка, 64520</address><phones><phone>050 485-19-49</phone></phones><emails><email>danvermenych@gmail.com</email></emails></record><record><name>Валентин Шило</name><address>вулиця Касима Юрія, буд. 71, Алмазна, 61020</address><phones><phone>358 72 30</phone></phones><emails><email>oryna03@tereshchenko-davymuka.info</email></emails></record><record><name>Марʼяна Ґжицький</name><address>узвіз Авдєєва-Чорноморського, буд. 3 кв. 29, Рубіжне, 36461</address><phones><phone>+38 047 491 02 70</phone></phones><emails><email>odarka04@ukr.net</email></emails></record><record><name>Герман  Влох</name><address>площа Гонтаренко, буд. 606 кв. 36, Миргород, 75064</address><phones><phone>068 850-43-96</phone></phones><emails><email>piddubnyiiukhym@email.ua</email></emails></record><record><name>Одарка Абрамчук</name><address>набережна 13-та ст. Великого Фонтану пляж, буд. 36 кв. 536, Вижниця, 66044</address><phones><phone>080 838-16-43</phone></phones><emails><email>martanestaiko@meta.ua</email></emails></record><record><name>Наталія Гузій</name><address>проспект Привозна, буд. 93 кв. 2, Вишневе , 81897</address><phones><phone>839 40 81</phone></phones><emails><email>lizamakohon@artiukh.info</email></emails></record><record><name>Віра Охримович</name><address>набережна Шота Руставелі, буд. 3 кв. 093, Новий Буг, 02326</address><phones><phone>+38 086 127-83-85</phone></phones><emails><email>nkorzh@chmil.net</email></emails></record><record><name>Олесь Усик</name><address>проспект Паустовського, буд. 5, Глухів, 90072</address><phones><phone>095 080-65-15</phone></phones><emails><email>milenakabanenko@pustovit.ukr</email></emails></record><record><name>Миколай Талан</name><address>провулок Миколи Боровського, буд. 52 кв. 39, Харків, 07770</address><phones><phone>+38 011 826 63 05</phone></phones><emails><email>terezapustovit@furs-babarychenko.info</email></emails></record><record><name>Валерій Скирда</name><address>набережна Паустовського, буд. 4 кв. 592, Зборів, 09730</address><phones><phone>000 343 48 92</phone></phones><emails><email>kabaliukvarvara@gmail.com</email></emails></record><record><name>Володимир Якименко</name><address>набережна Морський, буд. 217, Лохвиця, 19759</address><phones><phone>+38 060 395 11 31</phone></phones><emails><email>wdeisun@tytarenko.net</email></emails></record><record><name>Ярослава Пʼятаченко</name><address>парк Маршрутна, буд. 5 кв. 83, Андрушівка, 72656</address><phones><phone>+38 011 358-49-50</phone></phones><emails><email>ihnatiemelianenko@gov.ua</email></emails></record><record><name>Ада Козак</name><address>провулок Травневий 3-й, буд. 725, Марганець , 49185</address><phones><phone>089 854-03-54</phone></phones><emails><email>kovaliukmyron@derehus.net</email></emails></record><record><name>Мілена Рубець</name><address>сквер Розумовський 1-й, буд. 5 кв. 98, Пологи , 61044</address><phones><phone>+38 081 590-77-00</phone></phones><emails><email>emiliia79@i.ua</email></emails></record><record><name>Теодор Дацюк</name><address>сквер Олександра Тимошенка, буд. 21, Кремінна, 23210</address><phones><phone>+38 098 619 10 04</phone></phones><emails><email>dzhunorest@gov.ua</email></emails></record><record><name>Тереза Христенко</name><address>парк Юннатів, буд. 908 кв. 0, Обухів, 51544</address><phones><phone>+38 094 398-54-39</phone></phones><emails><email>hordiiprymachenko@i.ua</email></emails></record><record><name>Володимир Чекалюк</name><address>площа Василя Кандинського 1-й, буд. 49, Антрацит , 82326</address><phones><phone>128-02-87</phone></phones><emails><email>solomondemianenko@dashenko-pryimak.net</email></emails></record><record><name>Леон Андрусенко</name><address>вулиця Плієва, буд. 8, Турка, 61919</address><phones><phone>+38 059 135 10 68</phone></phones><emails><email>rnalyvaiko@gov.ua</email></emails></record><record><name>Хома Лубенець</name><address>сквер Єліна, буд. 42 кв. 83, Лохвиця, 21670</address><phones><phone>078 804-34-72</phone></phones><emails><email>hsachenko@gmail.com</email></emails></record><record><name>Болеслав Гресь</name><address>площа Кавказька, буд. 38, Ковель, 38371</address><phones><phone>+38 082 954-59-78</phone></phones><emails><email>lavrenkomaksym@gov.ua</email></emails></record><record><name>Микита Гузенко</name><address>набережна Балтська дорога, буд. 2, Гола Пристань, 27206</address><phones><phone>+38 022 002-19-55</phone></phones><emails><email>smiroshnychenko@gov.ua</email></emails></record><record><name>пані Ярина Рева</name><address>проспект 2-й Академічний тупик, буд. 5 кв. 5, Ржищів, 01014</address><phones><phone>715-46-00</phone></phones><emails><email>cvashchenko@shapoval-baklan.org</email></emails></record><record><name>Лесь Цимбал</name><address>шосе Абрикосовий, буд. 078, Добромиль, 35089</address><phones><phone>663-69-24</phone></phones><emails><email>veniiamyn97@email.ua</email></emails></record><record><name>Роксолана Дзиндра</name><address>набережна Амбулаторний 1-й, буд. 1, Красногорівка, 80566</address><phones><phone>+38 (015) 765-00-67</phone></phones><emails><email>solomiiaiaremko@dotsenko-riaboshapka.ua</email></emails></record><record><name>Артем Бевз</name><address>площа Сортувальна 1-ша, буд. 2, Білицьке, 69516</address><phones><phone>295 29 81</phone></phones><emails><email>boleslav88@chupryna.ua</email></emails></record><record><name>Софія Вишняк</name><address>набережна Восьмого березня 2-й, буд. 55 кв. 02, Берислав, 33035</address><phones><phone>+38 044 557-94-90</phone></phones><emails><email>iashchukandrii@ukr.net</email></emails></record><record><name>Адам Жадан</name><address>сквер Чернишевського, буд. 1, Чигирин, 13423</address><phones><phone>+38 061 764-68-31</phone></phones><emails><email>zbevz@vdovenko.info</email></emails></record><record><name>Онисим Приходько</name><address>сквер Кавунова, буд. 61, Монастирище, 63335</address><phones><phone>001 364 90 88</phone></phones><emails><email>rfomenko@bezditko.net</email></emails></record><record><name>Амвросій Верменич</name><address>проспект Лузанівський, буд. 00, Середина-Буда, 14862</address><phones><phone>289 31 84</phone></phones><emails><email>thavrysh@ukr.net</email></emails></record><record><name>Людмила Романчук</name><address>проспект Приморський, буд. 95, Федорівка, 88403</address><phones><phone>034 636-35-75</phone></phones><emails><email>okhrimdeineka@email.ua</email></emails></record><record><name>Марта Петлюра</name><address>сквер Аграрна, буд. 52, Біляївка, 84212</address><phones><phone>+38 007 671-74-68</phone></phones><emails><email>onysym06@ivanchenko-nehoda.net</email></emails></record><record><name>пані Златослава Черінько</name><address>узвіз Миколи Плигуна, буд. 162, Болехів, 68024</address><phones><phone>+38 047 327 76 55</phone></phones><emails><email>martazasukha@ukr.net</email></emails></record><record><name>Амалія Панчук</name><address>набережна Спиридонівська, буд. 349 кв. 3, Хоростків, 13050</address><phones><phone>064 782-39-90</phone></phones><emails><email>venedyktmalyk@vdovenko.org</email></emails></record><record><name>Мирослав Петлюра</name><address>набережна 5-та Лінія Марії Демченко, буд. 028 кв. 17, Берестечко, 02596</address><phones><phone>206-40-45</phone></phones><emails><email>kylymnykvioletta@gmail.com</email></emails></record><record><name>Роксолана Яремчук</name><address>парк Чорноморський 8-й, буд. 878, Мерефа, 52683</address><phones><phone>+38 (047) 227-05-85</phone></phones><emails><email>tereza94@levchenko.net</email></emails></record><record><name>Артем Наливайко</name><address>шосе Планетна, буд. 41 кв. 8, Чигирин, 20283</address><phones><phone>+38 (053) 241-69-56</phone></phones><emails><email>mykhailychenkopylyp@email.ua</email></emails></record><record><name>Олекса Воблий</name><address>сквер Улітіна, буд. 237 кв. 44, Виноградів, 46276</address><phones><phone>003 560 98 45</phone></phones><emails><email>danylo29@gmail.com</email></emails></record><record><name>Любов Чміль</name><address>парк Дніпровська, буд. 03 кв. 170, Городище , 42532</address><phones><phone>+38 080 980 06 58</phone></phones><emails><email>lonishchuk@derevianko.ua</email></emails></record></data>